DISPLACEMENT,LOAD
0.0000000000000000E+00,0.0000000000000000E+00
2.5000000000000000E-01,-2.6041666666667085E-01
